<Emitter>
  <Name>Parts</Name>
  <SpawnMinActive>0 [1 3],10</SpawnMinActive>
  <EmitterType>Box</EmitterType>
  <EmitterBoxX>[-35 35]</EmitterBoxX>
  <EmitterBoxY>0</EmitterBoxY>
  <ParticleDuration>80</ParticleDuration>
  <SystemAlpha>1,90 0,100</SystemAlpha>
  <ParticleScale>[.7 .9]</ParticleScale>
  <Image>IMAGE_ZOMBOSS_PARTICLES</Image>
  <ImageFrames>5</ImageFrames>
  <LaunchAngle>[130 200]</LaunchAngle>
  <LaunchSpeed>600.0</LaunchSpeed>
  <Field>
    <FieldType>Acceleration</FieldType>
    <Y>13.0</Y>
  </Field>
  <RandomLaunchSpin>0</RandomLaunchSpin>
  <ParticleSpinSpeed>[-720 720] 0</ParticleSpinSpeed>
</Emitter>
<Emitter>
  <Name>BossExplosion1</Name>
  <SpawnMinActive>1</SpawnMinActive>
  <ParticleDuration>50</ParticleDuration>
  <ParticleAlpha>.5,50 0</ParticleAlpha>
  <ParticleScale>.7 .9,50 1</ParticleScale>
  <Image>IMAGE_BOSSEXPLOSION1</Image>
</Emitter>
<Emitter>
  <Name>BossExplosion2</Name>
  <SpawnMinActive>1</SpawnMinActive>
  <ParticleDuration>50</ParticleDuration>
  <ParticleAlpha>1,80 0</ParticleAlpha>
  <ParticleScale>.7 .8,30 .85</ParticleScale>
  <Image>IMAGE_BOSSEXPLOSION2</Image>
</Emitter>
<Emitter>
  <Name>BossExplosion3</Name>
  <SpawnMinActive>1</SpawnMinActive>
  <ParticleDuration>50</ParticleDuration>
  <ParticleAlpha>0 1,30 1,80 0</ParticleAlpha>
  <ParticleScale>[.5 .7] [.65 .85],50 [.7 .9]</ParticleScale>
  <Image>IMAGE_BOSSEXPLOSION3</Image>
  <ParticleSpinSpeed>0 [-20 20] 0</ParticleSpinSpeed>
</Emitter>
<Emitter>
  <Name>Flash</Name>
  <SpawnMinActive>1</SpawnMinActive>
  <SpawnMaxLaunched>1</SpawnMaxLaunched>
  <ParticleDuration>50</ParticleDuration>
  <SystemDuration>50</SystemDuration>
  <ParticleScale>1600</ParticleScale>
  <ParticleAlpha>[.2 .2] 0</ParticleAlpha>
  <Image>IMAGE_WHITEPIXEL</Image>
  <ParticleRed>1</ParticleRed>
  <ParticleGreen>[.5 1]</ParticleGreen>
  <ParticleBlue>.1</ParticleBlue>
  <FullScreen>1</FullScreen>
</Emitter>
