<Emitter>
  <Name>SquashRight</Name>
	<SpawnMinActive>12</SpawnMinActive>
	<ParticleAlpha>[.3 .8],20 0</ParticleAlpha>
	<ParticleScale>[.2 .3] [.6 .8],70</ParticleScale>
	<EmitterType>Box</EmitterType>
  <EmitterBoxX>[-5 35]</EmitterBoxX>
  <EmitterBoxY>[0 4]</EmitterBoxY>  
	<ParticleDuration>30</ParticleDuration>
	<Image>IMAGE_DUST_PUFFS</Image>
  <ImageFrames>3</ImageFrames>
	<Field>
	  <FieldType>Position</FieldType>
	  <Y>0,20 EaseOut [-10 0]</Y>
	  <X>0 EaseOut [10 40]</X>
	</Field>
	<RandomLaunchSpin>1</RandomLaunchSpin>
	<ParticleSpinSpeed>[-200 200]</ParticleSpinSpeed>
</Emitter>
<Emitter>
  <Name>SquashLeft</Name>
	<SpawnMinActive>12</SpawnMinActive>
	<ParticleAlpha>[.3 .8],20 0</ParticleAlpha>
	<ParticleScale>[.2 .3] [.6 .8],70</ParticleScale>
	<EmitterType>Box</EmitterType>
  <EmitterBoxX>[-35 5]</EmitterBoxX>
  <EmitterBoxY>[0 4]</EmitterBoxY>  
	<ParticleDuration>30</ParticleDuration>
	<Image>IMAGE_DUST_PUFFS</Image>
  <ImageFrames>3</ImageFrames>
	<Field>
	  <FieldType>Position</FieldType>
	  <Y>0,20 EaseOut [-10 0]</Y>
	  <X>0 EaseOut [-10 -40]</X>
	</Field>
	<RandomLaunchSpin>1</RandomLaunchSpin>
	<ParticleSpinSpeed>[-200 200]</ParticleSpinSpeed>
</Emitter>
