<Emitter>
	<SpawnMinActive>20</SpawnMinActive>
	<ParticleAlpha>1 [.6 .9],80 0</ParticleAlpha>
	<ParticleScale>.3,0 [.4 1.5],10 [.6 2]</ParticleScale>
	<EmitterType>Circle</EmitterType>
	<EmitterRadius>[0 20]</EmitterRadius>
	<LaunchSpeed>[200]</LaunchSpeed>
	<ParticleDuration>40</ParticleDuration>
	<SystemDuration>40</SystemDuration>
	<Image>IMAGE_ZOMBIE_BOSS_FIREBALL_PARTICLES</Image>
	<ImageFrames>2</ImageFrames>
	<Field>
	  <FieldType>Circle</FieldType>
	  <X>100 [400 800]</X>
	</Field>
	<Field>
	  <FieldType>Away</FieldType>
	  <X>[50 100] [100 300]</X>
	</Field>
	<AlignLaunchSpin>1</AlignLaunchSpin>
	<ParticleSpinAngle>60</ParticleSpinAngle>
  <ParticleSpinSpeed>-300</ParticleSpinSpeed>
</Emitter>
