<Emitter>
  <Name>IceTrapParticles</Name>
  <SpawnMinActive>[10 12]</SpawnMinActive>
  <ParticleScale>[.6 .8]</ParticleScale>
  <ParticleAlpha>.8</ParticleAlpha>
	<SystemLoops>1</SystemLoops>
	<ParticleLoops>1</ParticleLoops>
  <Image>IMAGE_ICETRAP_PARTICLES</Image>
	<ImageFrames>4</ImageFrames>
	<EmitterBoxX>[-20 0]</EmitterBoxX>
	<EmitterBoxY>[-70 -10]</EmitterBoxY>
	<RandomLaunchSpin>1</RandomLaunchSpin>
</Emitter>
<Emitter>
  <Name>FadeOut</Name>
  <CrossFadeDuration>25</CrossFadeDuration>
  <ParticleAlpha>1 0</ParticleAlpha>
</Emitter>
