<Emitter>
  <Name>ImitaterClouds</Name>
  <SpawnMinActive>1</SpawnMinActive>
  <ParticleAlpha>1,70 0,90</ParticleAlpha>
  <ParticleScale>.3 1.2</ParticleScale>
  <ParticleDuration>60</ParticleDuration>
  <Image>IMAGE_IMITATERCLOUDS</Image>
  <ImageFrames>2</ImageFrames>
  <Animated>1</Animated>
  <RandomLaunchSpin>1</RandomLaunchSpin>
  <ParticleSpinSpeed>200</ParticleSpinSpeed>
</Emitter>
<Emitter>
  <Name>ImitaterPuffs</Name>
  <SpawnMinActive>0,20 10,40</SpawnMinActive>
  <SpawnMaxLaunched>10</SpawnMaxLaunched>
  <ParticleAlpha>0 1,20</ParticleAlpha>
  <ParticleScale>[0.6 .8] [1.2 1.5]</ParticleScale>
  <SystemAlpha>1,60 0</SystemAlpha>
  <EmitterType>Circle</EmitterType>
  <EmitterRadius>[1 10]</EmitterRadius>
  <ParticleDuration>60</ParticleDuration>
  <SystemDuration>60</SystemDuration>
  <Image>IMAGE_IMITATERPUFFS</Image>
  <ImageFrames>8</ImageFrames>
  <RandomLaunchSpin>1</RandomLaunchSpin>
  <ParticleSpinSpeed>[300 400]</ParticleSpinSpeed>
  <Field>
    <FieldType>Circle</FieldType>
    <X>[-140 -70]</X>
  </Field>
  <Field>
    <FieldType>Away</FieldType>
    <X>[100 150]</X>
  </Field>
</Emitter>
