<Emitter>
  <Name>Parts</Name>
	<SpawnMinActive>0 6,20</SpawnMinActive>
  <EmitterType>Box</EmitterType>
  <EmitterBoxX>[-50 0]</EmitterBoxX>
  <EmitterBoxY>30</EmitterBoxY>	
	<ParticleDuration>80</ParticleDuration>
	<SystemAlpha>1,90 0,100</SystemAlpha>
	<ParticleScale>[.2 .4]</ParticleScale>
	<Image>IMAGE_ZOMBOSS_PARTICLES</Image>
  <ImageFrames>5</ImageFrames>
	<LaunchAngle>[170 200]</LaunchAngle>
	<LaunchSpeed>[500 800]</LaunchSpeed>
	<Field>
	  <FieldType>Acceleration</FieldType>
	  <Y>13.0</Y>
	</Field>
	<RandomLaunchSpin>0</RandomLaunchSpin>
	<ParticleSpinSpeed>[-720 720] 0</ParticleSpinSpeed>
</Emitter>
<Emitter>
  <Name>JackSmallClouds</Name>
  <SpawnRate>150</SpawnRate>
  <SpawnMaxLaunched>14</SpawnMaxLaunched>
  <ParticleAlpha>1,70 0</ParticleAlpha>
  <ParticleRed>.4</ParticleRed>
  <ParticleGreen>0</ParticleGreen>
  <ParticleBlue>.6</ParticleBlue>
  <ParticleScale>.5,60 0</ParticleScale>
  <SystemAlpha>1,80 0</SystemAlpha>
  <EmitterRadius>[10 50]</EmitterRadius>
  <LaunchSpeed>[2000 2500]</LaunchSpeed>
  <ParticleDuration>[40 60]</ParticleDuration>
  <SystemDuration>200</SystemDuration>
  <Image>IMAGE_EXPLOSIONCLOUD</Image>
  <Field>
    <FieldType>Friction</FieldType>
    <X>0.15,40 1</X>
    <Y>0.18,40 1</Y>
  </Field>
  <RandomLaunchSpin>1</RandomLaunchSpin>
  <ParticleSpinSpeed>[-200 200]</ParticleSpinSpeed>
</Emitter>
<Emitter>
  <Name>JackExplodeBigCloud</Name>
  <SpawnRate>150</SpawnRate>
  <SpawnMaxLaunched>14</SpawnMaxLaunched>
  <ParticleAlpha>1,70 0</ParticleAlpha>
  <ParticleRed>.4</ParticleRed>
  <ParticleGreen>0</ParticleGreen>
  <ParticleBlue>0 .6</ParticleBlue>
  <ParticleScale>[1.2 1.6],60 0</ParticleScale>
  <SystemAlpha>1,80 0</SystemAlpha>
  <EmitterRadius>[10 50]</EmitterRadius>
  <LaunchSpeed>[500 1200]</LaunchSpeed>
  <ParticleDuration>[40 60]</ParticleDuration>
  <SystemDuration>200</SystemDuration>
  <Image>IMAGE_EXPLOSIONCLOUD</Image>
  <Field>
    <FieldType>Friction</FieldType>
    <X>0.12,40 1</X>
    <Y>0.18,40 1</Y>
  </Field>
  <RandomLaunchSpin>1</RandomLaunchSpin>
  <ParticleSpinSpeed>[-200 200]</ParticleSpinSpeed>
</Emitter>
<Emitter>
  <Name>JackExplodeSproing</Name>
  <SpawnMinActive>1</SpawnMinActive>
  <SystemDuration>40</SystemDuration>
  <Image>IMAGE_SPROING</Image>
</Emitter>
