<Emitter>
  <SpawnMinActive>20</SpawnMinActive>
  <SystemAlpha>0,0 .7,10 .7,85 0</SystemAlpha>
  <ParticleScale>[.3 .6] [.4 .8] [.3 .6]</ParticleScale>
  <EmitterRadius>30</EmitterRadius>
  <EmitterType>CircleEvenSpacing</EmitterType>
  <LaunchSpeed>[100 110]</LaunchSpeed>
  <ParticleDuration>40</ParticleDuration>
  <AlignLaunchSpin>1</AlignLaunchSpin>
  <ParticleSpinAngle>180</ParticleSpinAngle>
  <Image>IMAGE_MINDCONTROL</Image>
	<Field>
	  <FieldType>Friction</FieldType>
	  <X>0.0,40 .1</X>
	  <Y>0.0,40 .1</Y>
	</Field>
</Emitter>
