<Emitter>
  <SpawnMinActive>1</SpawnMinActive>
  <LaunchSpeed>330.0</LaunchSpeed>
  <ParticleDuration>180</ParticleDuration>
  <SystemDuration>180</SystemDuration>
  <SystemAlpha>1,95 0,100</SystemAlpha>
  <ParticleScale>.8</ParticleScale>
  <Image>IMAGE_ZOMBIEHEAD</Image>
  <LaunchAngle>[190 220]</LaunchAngle>
  <Field>
    <FieldType>Acceleration</FieldType>
    <Y>17.0</Y>
  </Field>
  <Field>
    <FieldType>GroundConstraint</FieldType>
    <Y>0.0</Y>
  </Field>
  <RandomLaunchSpin>0</RandomLaunchSpin>
  <ParticleSpinSpeed>[-720 720] 0,30</ParticleSpinSpeed>
  <CollisionReflect>.3 .3,40 0,50</CollisionReflect>
</Emitter>
