<Emitter>
  <Name>PowieSmallClouds</Name>
  <DieIfOverloaded>1</DieIfOverloaded>
  <SpawnRate>150</SpawnRate>
  <SpawnMaxLaunched>3</SpawnMaxLaunched>
  <ParticleAlpha>1,70 0</ParticleAlpha>
  <ParticleRed>.5</ParticleRed>
  <ParticleGreen>.55</ParticleGreen>
  <ParticleBlue>.45</ParticleBlue>
  <ParticleScale>.5,60 0</ParticleScale>
  <SystemAlpha>1,80 0</SystemAlpha>
  <EmitterRadius>[10 50]</EmitterRadius>
  <LaunchSpeed>[2000 2500]</LaunchSpeed>
  <ParticleDuration>[40 60]</ParticleDuration>
  <SystemDuration>200</SystemDuration>
  <Image>IMAGE_EXPLOSIONCLOUD</Image>
  <Field>
    <FieldType>Friction</FieldType>
    <X>0.30,40 1</X>
    <Y>0.24,40 1</Y>
  </Field>
  <RandomLaunchSpin>1</RandomLaunchSpin>
  <ParticleSpinSpeed>[-200 200]</ParticleSpinSpeed>
</Emitter>
<Emitter>
  <Name>PowieBigClouds</Name>
  <SpawnRate>150</SpawnRate>
  <SpawnMaxLaunched>10</SpawnMaxLaunched>
  <ParticleAlpha>1,70 0</ParticleAlpha>
  <ParticleRed>.5</ParticleRed>
  <ParticleGreen>.55</ParticleGreen>
  <ParticleBlue>.45</ParticleBlue>
  <ParticleScale>[0.6 0.8],60 0</ParticleScale>
  <SystemAlpha>1,80 0</SystemAlpha>
  <EmitterRadius>[10 50]</EmitterRadius>
  <LaunchSpeed>[400 700]</LaunchSpeed>
  <ParticleDuration>[40 60]</ParticleDuration>
  <SystemDuration>200</SystemDuration>
  <Image>IMAGE_EXPLOSIONCLOUD</Image>
  <Field>
    <FieldType>Friction</FieldType>
    <X>0.20,40 1</X>
    <Y>0.10,40 1</Y>
  </Field>
  <RandomLaunchSpin>1</RandomLaunchSpin>
  <ParticleSpinSpeed>[-200 200]</ParticleSpinSpeed>
</Emitter>
