<Emitter>
	<SpawnRate>150</SpawnRate>
	<ParticleDuration>[20 80]</ParticleDuration>
	<ParticleScale>[.3 .6] [.4 .8],10 [.5 1],50 [.4 .8],90 [.3 .6]</ParticleScale>
	<ParticleAlpha>.8</ParticleAlpha>
	<SystemLoops>1</SystemLoops>
	<Image>IMAGE_POOLSPARKLY</Image>
	<EmitterBoxX>[0 FastInOutWeak 290]</EmitterBoxX>
	<EmitterBoxY>[0 135]</EmitterBoxY>
	<EmitterSkewX>-.3</EmitterSkewX>
	<Field>
	  <FieldType>Velocity</FieldType>
	  <X>[0 -10]</X>
	  <Y>[-2 2]</Y>
	</Field>
</Emitter>
<Emitter>
	<SpawnRate>20</SpawnRate>
	<ParticleDuration>[20 60]</ParticleDuration>
	<ParticleScale>[.3 .6] [.4 .8],20 [.5 1],50 [.4 .8],80 [.3 .6]</ParticleScale>
	<ParticleAlpha>.8</ParticleAlpha>
	<SystemLoops>1</SystemLoops>
	<Image>IMAGE_POOLSPARKLY</Image>
	<EmitterBoxX>[-330 260]</EmitterBoxX>
	<EmitterBoxY>[0 135]</EmitterBoxY>
	<Field>
	  <FieldType>Velocity</FieldType>
	  <X>[0 -5]</X>
	  <Y>[-2 2]</Y>
	</Field>
</Emitter>
