<Emitter>
  <SpawnMinActive>50</SpawnMinActive>
  <SpawnMaxLaunched>50</SpawnMaxLaunched>
  <SystemAlpha>1,80 0</SystemAlpha>
  <EmitterRadius>[1 50]</EmitterRadius>
  <EmitterType>Circle</EmitterType>
  <LaunchSpeed>[300 600]</LaunchSpeed>
  <ParticleDuration>50</ParticleDuration>
  <SystemDuration>50</SystemDuration>
  <Image>IMAGE_COBCANNON_POPCORN</Image>
  <ImageFrames>5</ImageFrames>
  <Field>
    <FieldType>Friction</FieldType>
    <X>0.05</X>
    <Y>0.05</Y>
  </Field>
  <Field>
    <FieldType>Acceleration</FieldType>
    <Y>5.0</Y>
  </Field>
  <RandomLaunchSpin>1</RandomLaunchSpin>
  <ParticleSpinSpeed>[-720 720] [-90 90],80</ParticleSpinSpeed>
</Emitter>
