<Emitter>
  <Name>PortalCircle</Name>
  <SpawnRate>20</SpawnRate>
  <ParticleAlpha>0 1 1 0</ParticleAlpha>
  <ParticleScale>[.1 EaseIn 0.5]</ParticleScale>
  <ParticleStretch>[.5 1]</ParticleStretch>
  <EmitterType>Circle</EmitterType>
  <EmitterRadius>[0 30]</EmitterRadius>
  <EmitterOffsetX>30</EmitterOffsetX>
  <EmitterOffsetY>[40 100]</EmitterOffsetY>
  <ParticleDuration>[50 100]</ParticleDuration>
	<SystemLoops>1</SystemLoops>
  <Image>IMAGE_WHITEELLIPSE</Image>
  <RandomLaunchSpin>1</RandomLaunchSpin>
	<Field>
	  <FieldType>Position</FieldType>
	  <X>0 EaseOut 10</X>
	  <Y>0 [-5 5]</Y>
	</Field>
</Emitter>
