<Emitter>
  <Name>PowieSmallClouds</Name>
  <SpawnRate>150</SpawnRate>
  <SpawnMaxLaunched>14</SpawnMaxLaunched>
  <ParticleAlpha>1,70 0</ParticleAlpha>
  <ParticleRed>1</ParticleRed>
  <ParticleGreen>.7 0</ParticleGreen>
  <ParticleBlue>0</ParticleBlue>
  <ParticleScale>.5,60 0</ParticleScale>
  <SystemAlpha>1,80 0</SystemAlpha>
  <EmitterRadius>[10 50]</EmitterRadius>
  <LaunchSpeed>[2000 2500]</LaunchSpeed>
  <ParticleDuration>[40 60]</ParticleDuration>
  <SystemDuration>200</SystemDuration>
  <Image>IMAGE_EXPLOSIONCLOUD</Image>
  <Field>
    <FieldType>Friction</FieldType>
    <X>0.15,40 1</X>
    <Y>0.18,40 1</Y>
  </Field>
  <RandomLaunchSpin>1</RandomLaunchSpin>
  <ParticleSpinSpeed>[-200 200]</ParticleSpinSpeed>
</Emitter>
<Emitter>
  <Name>PowieBigClouds</Name>
  <SpawnRate>150</SpawnRate>
  <SpawnMaxLaunched>14</SpawnMaxLaunched>
  <ParticleAlpha>1,70 0</ParticleAlpha>
  <ParticleRed>1</ParticleRed>
  <ParticleGreen>.9 .4</ParticleGreen>
  <ParticleBlue>0</ParticleBlue>
  <ParticleScale>[1.2 1.6],60 0</ParticleScale>
  <SystemAlpha>1,80 0</SystemAlpha>
  <EmitterRadius>[10 50]</EmitterRadius>
  <LaunchSpeed>[500 1200]</LaunchSpeed>
  <ParticleDuration>[40 60]</ParticleDuration>
  <SystemDuration>200</SystemDuration>
  <Image>IMAGE_EXPLOSIONCLOUD</Image>
  <Field>
    <FieldType>Friction</FieldType>
    <X>0.12,40 1</X>
    <Y>0.18,40 1</Y>
  </Field>
  <RandomLaunchSpin>1</RandomLaunchSpin>
  <ParticleSpinSpeed>[-200 200]</ParticleSpinSpeed>
</Emitter>
<Emitter>
  <Name>PowieWord</Name>
  <SpawnMinActive>1</SpawnMinActive>
  <SystemDuration>50</SystemDuration>
  <Image>IMAGE_EXPLOSIONPOWIE</Image>
</Emitter>
