<Emitter>
  <SpawnMinActive>25</SpawnMinActive>
  <SpawnMaxLaunched>50</SpawnMaxLaunched>
  <SystemAlpha>1,80 0</SystemAlpha>
  <ParticleScale>[.2 .5]</ParticleScale>
  <EmitterRadius>[1 50]</EmitterRadius>
  <EmitterType>Circle</EmitterType>
  <LaunchSpeed>[300 600]</LaunchSpeed>
  <ParticleDuration>50</ParticleDuration>
  <SystemDuration>50</SystemDuration>
  <ParticleRed>1</ParticleRed>
  <ParticleGreen>.9</ParticleGreen>
  <ParticleBlue>[0 .4]</ParticleBlue>
  <Image>IMAGE_STAR40</Image>
  <Field>
    <FieldType>Friction</FieldType>
    <X>0.05</X>
    <Y>0.05</Y>
  </Field>
  <Field>
    <FieldType>Acceleration</FieldType>
    <Y>5.0</Y>
  </Field>
  <RandomLaunchSpin>1</RandomLaunchSpin>
  <ParticleSpinSpeed>[-720 720] [-90 90],80</ParticleSpinSpeed>
  <Additive>1</Additive>
</Emitter>
<Emitter>
  <SpawnMinActive>20</SpawnMinActive>
  <SpawnMaxLaunched>50</SpawnMaxLaunched>
  <SystemAlpha>1,80 0</SystemAlpha>
  <ParticleScale>[.2 .5]</ParticleScale>
  <EmitterRadius>[1 50]</EmitterRadius>
  <EmitterType>Circle</EmitterType>
  <LaunchSpeed>[300 600]</LaunchSpeed>
  <ParticleDuration>50</ParticleDuration>
  <SystemDuration>50</SystemDuration>
  <ParticleRed>1</ParticleRed>
  <ParticleGreen>1</ParticleGreen>
  <ParticleBlue>[.6 .8]</ParticleBlue>
  <Image>IMAGE_STAR40</Image>
  <Field>
    <FieldType>Friction</FieldType>
    <X>0.05</X>
    <Y>0.05</Y>
  </Field>
  <Field>
    <FieldType>Acceleration</FieldType>
    <Y>5.0</Y>
  </Field>
  <RandomLaunchSpin>1</RandomLaunchSpin>
  <ParticleSpinSpeed>[-720 720] [-90 90],80</ParticleSpinSpeed>
  <Additive>1</Additive>
</Emitter>
<Emitter>
  <SpawnMinActive>5</SpawnMinActive>
  <SpawnMaxLaunched>50</SpawnMaxLaunched>
  <SystemAlpha>1,80 0</SystemAlpha>
  <ParticleScale>[.2 .4]</ParticleScale>
  <EmitterRadius>[1 50]</EmitterRadius>
  <EmitterType>Circle</EmitterType>
  <LaunchSpeed>[300 600]</LaunchSpeed>
  <ParticleDuration>50</ParticleDuration>
  <SystemDuration>50</SystemDuration>
  <ParticleRed>1</ParticleRed>
  <ParticleGreen>[.6 .7]</ParticleGreen>
  <ParticleBlue>0</ParticleBlue>
  <Image>IMAGE_AWARDRAYS_STAR</Image>
  <Field>
    <FieldType>Friction</FieldType>
    <X>0.05</X>
    <Y>0.05</Y>
  </Field>
  <Field>
    <FieldType>Acceleration</FieldType>
    <Y>5.0</Y>
  </Field>
  <RandomLaunchSpin>1</RandomLaunchSpin>
  <ParticleSpinSpeed>[-720 720] [-90 90],80</ParticleSpinSpeed>
  <Additive>1</Additive>
</Emitter>
