<Emitter>
  <Name>PuffSplatBits</Name>
	<SpawnMinActive>[6 10]</SpawnMinActive>
	<ParticleAlpha>1,80 0</ParticleAlpha>
	<ParticleScale>[.6 0.8]</ParticleScale>
	<EmitterType>Circle</EmitterType>
	<EmitterRadius>[0 10]</EmitterRadius>
	<LaunchSpeed>[50 100]</LaunchSpeed>
	<ParticleDuration>20</ParticleDuration>
	<SystemDuration>20</SystemDuration>
	<Image>IMAGE_PUFFSHROOM_PUFF2</Image>
	<Field>
	  <FieldType>Friction</FieldType>
	  <X>0.0,40 .1</X>
	  <Y>0.0,40 .1</Y>
	</Field>
	<Field>
	  <FieldType>Acceleration</FieldType>
	  <Y>3</Y>
	</Field>
	<RandomLaunchSpin>1</RandomLaunchSpin>
	<ParticleSpinSpeed>[-200 200]</ParticleSpinSpeed>
</Emitter>
