<Emitter>
	<SpawnRate>20</SpawnRate>
	<ParticleAlpha>1 [.4 .8],80 0</ParticleAlpha>
	<ParticleScale>.3,0 [.4 1.0],10 [.4 1.0],70 0,100</ParticleScale>
	<EmitterType>Circle</EmitterType>
	<EmitterRadius>[0 10]</EmitterRadius>
	<LaunchSpeed>[10]</LaunchSpeed>
	<ParticleDuration>20</ParticleDuration>
	<SystemDuration>20</SystemDuration>
	<Image>IMAGE_PUFFSHROOM_PUFF2</Image>
	<SystemLoops>1</SystemLoops>
	<ParticlesDontFollow>1</ParticlesDontFollow>
	<Field>
	  <FieldType>Acceleration</FieldType>
	  <Y>5</Y>
	</Field>
	<Field>
	  <FieldType>Position</FieldType>
	  <X>0 EaseOut 20</X>
	</Field>
	<RandomLaunchSpin>1</RandomLaunchSpin>
	<ParticleSpinSpeed>[-600 600]</ParticleSpinSpeed>
</Emitter>
<Emitter>
  <Name>FadeOut</Name>
  <CrossFadeDuration>50</CrossFadeDuration>
  <ParticleAlpha>1 0</ParticleAlpha>
</Emitter>
