<Emitter>
	<ParticleScale>.5 EaseIn 5</ParticleScale>
	<SpawnMinActive>15,0 15,20 30,20 30,40 45,40</SpawnMinActive>
	<ParticleRed>.9</ParticleRed>
	<ParticleGreen>.9</ParticleGreen>
	<ParticleBlue>.7</ParticleBlue>
	<ParticleAlpha>0 1,20 1,90 0</ParticleAlpha>
	<SystemAlpha>1,80 0</SystemAlpha>
	<EmitterRadius>40</EmitterRadius>
	<EmitterType>CircleEvenSpacing</EmitterType>
	<ParticleDuration>120</ParticleDuration>
	<SystemDuration>200</SystemDuration>
	<Image>IMAGE_ZombieHead</Image>
	<Field>
	  <FieldType>Away</FieldType>
	  <X>0 300</X>
	  <Y>3 0</Y>
	</Field>
</Emitter>
<Emitter>
	<ParticleScale>.5 EaseIn 5</ParticleScale>
	<SpawnMinActive>0,10 11,10 11,30 27,30 27,50 42,50</SpawnMinActive>
	<ParticleAlpha>0 1,20 1,90 0</ParticleAlpha>
	<ParticleRed>.9</ParticleRed>
	<ParticleGreen>.9</ParticleGreen>
	<ParticleBlue>.9</ParticleBlue>
	<SystemAlpha>1,80 0</SystemAlpha>
	<EmitterRadius>40</EmitterRadius>
	<EmitterType>CircleEvenSpacing</EmitterType>
	<ParticleDuration>120</ParticleDuration>
	<SystemDuration>200</SystemDuration>
	<Image>IMAGE_ZombieHead</Image>
	<Field>
	  <FieldType>Away</FieldType>
	  <X>0 300</X>
	  <Y>3 0</Y>
	</Field>
	<Field>
	  <FieldType>Circle</FieldType>
	  <X>50</X>
	</Field>
</Emitter>
