<Emitter>
  <SpawnMinActive>1</SpawnMinActive>
  <ParticleDuration>40</ParticleDuration>
  <SystemDuration>100</SystemDuration>
  <ParticleLoops>1</ParticleLoops>
  <ParticleRed>1</ParticleRed>
  <ParticleGreen>.9</ParticleGreen>
  <ParticleBlue>.4</ParticleBlue>
  <SystemLoops>1</SystemLoops>
  <Image>IMAGE_DOWNARROW</Image>
  <Field>
    <FieldType>Position</FieldType>
    <Y>0 EaseInOutWeak 10 EaseInOutWeak 0</Y>
  </Field>
</Emitter>
<Emitter>
  <Name>SeedPacketGlow</Name>
  <SpawnMinActive>1</SpawnMinActive>
  <ParticleDuration>100</ParticleDuration>
  <SystemDuration>100</SystemDuration>
  <ParticleLoops>1</ParticleLoops>
  <SystemLoops>1</SystemLoops>
  <ParticleAlpha>1</ParticleAlpha>
  <ParticleScale>1</ParticleScale>
  <Image>IMAGE_SEEDPACKETGLOW</Image>
  <EmitterOffsetY>62</EmitterOffsetY>
</Emitter>