<Emitter>
  <Name>Sparkle</Name>
  <SpawnRate>.5</SpawnRate>
  <ParticleDuration>[70 100]</ParticleDuration>
  <SystemLoops>1</SystemLoops>
  <ParticleScale>[1 1]</ParticleScale>
  <ParticleAlpha>0 1,20 1,80 0</ParticleAlpha>
  <ImageFrames>3</ImageFrames>
  <Image>IMAGE_ICE_SPARKLES</Image>
  <ParticleSpinSpeed>0 -100 0 </ParticleSpinSpeed>
	<EmitterType>Circle</EmitterType>
	<EmitterRadius>[0 40]</EmitterRadius>
</Emitter>
<Emitter>
  <Name>SparkleBottom</Name>
  <SpawnRate>.9</SpawnRate>
  <ParticleDuration>[80 150]</ParticleDuration>
  <SystemLoops>1</SystemLoops>
  <ParticleScale>[1 1]</ParticleScale>
  <ParticleAlpha>0 1,20 1,80 0</ParticleAlpha>
  <ImageFrames>3</ImageFrames>
  <Image>IMAGE_ICE_SPARKLES</Image>
  <ParticleSpinSpeed>0 -100 0 </ParticleSpinSpeed>
	<EmitterType>Circle</EmitterType>
	<EmitterRadius>[0 40]</EmitterRadius>
  <EmitterOffsetY>130</EmitterOffsetY>
</Emitter>
