<Emitter>
	<SpawnRate>200</SpawnRate>
	<SpawnMaxLaunched>15</SpawnMaxLaunched>
	<SystemAlpha>1,80 0</SystemAlpha>
	<EmitterRadius>[5 30]</EmitterRadius>
	<EmitterType>Circle</EmitterType>
	<LaunchSpeed>[100 200]</LaunchSpeed>
	<ParticleDuration>50</ParticleDuration>
	<SystemDuration>50</SystemDuration>
	<Image>IMAGE_WINTERMELON_PARTICLES</Image>
	<ImageFrames>9</ImageFrames>
	<Field>
	  <FieldType>Friction</FieldType>
	  <X>0.03</X>
	  <Y>0.03</Y>
	</Field>
	<Field>
	  <FieldType>Acceleration</FieldType>
	  <Y>5.0</Y>
	</Field>
	<Field>
	  <FieldType>Position</FieldType>
	  <X>0 20</X>
	  <Y>0 10</Y>
	</Field>
	<RandomLaunchSpin>1</RandomLaunchSpin>
	<ParticleSpinSpeed>[-1120 1120] [-300 300]</ParticleSpinSpeed>
</Emitter>
