<Emitter>
  <Name>Rocks</Name>
  <SpawnMinActive>10,0 0,5</SpawnMinActive>
  <ParticleAlpha>1,70 0</ParticleAlpha>
  <SystemAlpha>1,92 0</SystemAlpha>
  <ParticleScale>[.5 .6]</ParticleScale>
  <EmitterType>Circle</EmitterType>
  <EmitterRadius>[0 10]</EmitterRadius>
  <LaunchSpeed>[50 200]</LaunchSpeed>
  <ParticleDuration>[30 40]</ParticleDuration>
  <SystemDuration>500</SystemDuration>
  <Image>IMAGE_DIRTSMALL</Image>
  <ImageRow>0</ImageRow>
  <ImageFrames>8</ImageFrames>
  <LaunchAngle>[140 220]</LaunchAngle>
  <RandomLaunchSpin>1</RandomLaunchSpin>
  <ParticleSpinSpeed>[-720 720]</ParticleSpinSpeed>
  <Field>
    <FieldType>Acceleration</FieldType>
    <Y>5.0</Y>
  </Field>
</Emitter>
<Emitter>
	<SpawnMinActive>[6 10] 0,50</SpawnMinActive>
  <ParticleAlpha>1,50 0</ParticleAlpha>
  <ParticleScale>0 1.5,10 [1 2]</ParticleScale>
  <EmitterType>Circle</EmitterType>
  <EmitterRadius>[0 10]</EmitterRadius>
  <LaunchSpeed>0</LaunchSpeed>
  <ParticleDuration>[40 60]</ParticleDuration>
  <Image>IMAGE_ZAMBONISMOKE</Image>
  <ImageFrames>3</ImageFrames>
  <ParticlesDontFollow>1</ParticlesDontFollow>
	<Field>
	  <FieldType>Away</FieldType>
	  <X>[20 80] 0</X>
	</Field>
  <RandomLaunchSpin>1</RandomLaunchSpin>
  <ParticleSpinSpeed>[-100 100] 0,50 </ParticleSpinSpeed>
</Emitter>
