<Emitter>
  <SpawnMinActive>1</SpawnMinActive>
  <LaunchSpeed>200.0</LaunchSpeed>
  <SystemDuration>40</SystemDuration>
  <SystemAlpha>1,60 0,100</SystemAlpha>
  <Image>IMAGE_REANIM_ZOMBIE_LADDER_1_DAMAGE2</Image>
  <ParticleScale>0.8</ParticleScale>
  <LaunchAngle>[100 120]</LaunchAngle>
  <Field>
    <FieldType>Acceleration</FieldType>
    <Y>17.0</Y>
  </Field>
  <Field>
    <FieldType>GroundConstraint</FieldType>
    <Y>30.0</Y>
  </Field>
  <RandomLaunchSpin>0</RandomLaunchSpin>
  <ParticleSpinSpeed>[-400 -500] 0,40</ParticleSpinSpeed>
  <CollisionReflect>.3</CollisionReflect>
  <CollisionSpin>[-3 -6]</CollisionSpin>
</Emitter>
