<Emitter>
<SpawnMinActive>1</SpawnMinActive>
<LaunchSpeed>40.0</LaunchSpeed>
<SystemDuration>60</SystemDuration>
<SystemAlpha>1,90 0,100</SystemAlpha>
<ParticleScale>.8</ParticleScale>
<Image>IMAGE_ZOMBIEARM</Image>
<LaunchAngle>[90 185]</LaunchAngle>
<Field>
  <FieldType>Acceleration</FieldType>
  <Y>15.0</Y>
</Field>
<Field>
  <FieldType>GroundConstraint</FieldType>
  <Y>60.0</Y>
</Field>
<RandomLaunchSpin>0</RandomLaunchSpin>
<ParticleSpinSpeed>[0 360] 0,40</ParticleSpinSpeed>
<CollisionReflect>.5</CollisionReflect>
<CollisionSpin>[3 6]</CollisionSpin>

  </Emitter>
