<Emitter>
  <Name>HeadPool</Name>
  <SpawnMinActive>1</SpawnMinActive>
  <SystemDuration>50</SystemDuration>
  <SystemAlpha>1,80 0,100</SystemAlpha>
  <ParticleScale>.8</ParticleScale>
  <Image>IMAGE_ZOMBIEHEAD</Image>
  <EmitterOffsetX>5</EmitterOffsetX>
  <LaunchSpeed>330.0</LaunchSpeed>
  <LaunchAngle>[150 185]</LaunchAngle>
  <Field>
    <FieldType>Acceleration</FieldType>
    <Y>17.0</Y>
  </Field>
  <RandomLaunchSpin>0</RandomLaunchSpin>
  <ParticleSpinSpeed>[-720 720] 0,40</ParticleSpinSpeed>
</Emitter>
